{
  "Stochastic GD (Best)": {
    "accuracy": 0.8662999868392944,
    "f1_score": 0.8656365110469662,
    "training_epochs": 11,
    "val_accuracy": 0.8725833296775818,
    "learning_curve": {
      "accuracy": [
        0.8084791898727417,
        0.8476666808128357,
        0.8576041460037231,
        0.8667500019073486,
        0.871999979019165,
        0.8765208125114441,
        0.8790416717529297,
        0.8847916722297668,
        0.8869791626930237,
        0.8900208473205566,
        0.8922916650772095
      ],
      "loss": [
        0.5331114530563354,
        0.41931676864624023,
        0.383257120847702,
        0.3620867431163788,
        0.3442405164241791,
        0.33122849464416504,
        0.3204140067100525,
        0.3097207248210907,
        0.3009887933731079,
        0.2949037253856659,
        0.2881948947906494
      ],
      "val_accuracy": [
        0.8354166746139526,
        0.8583333492279053,
        0.8339166641235352,
        0.8657500147819519,
        0.8692499995231628,
        0.8493333458900452,
        0.8705833554267883,
        0.8658333420753479,
        0.8725833296775818,
        0.8644166588783264,
        0.8706666827201843
      ],
      "val_loss": [
        0.4652676284313202,
        0.4024902880191803,
        0.434777170419693,
        0.3718063235282898,
        0.3634527325630188,
        0.3999888002872467,
        0.3567313253879547,
        0.3753012716770172,
        0.3475872874259949,
        0.3790176510810852,
        0.36349430680274963
      ]
    }
  },
  "SGD + Nesterov (Best)": {
    "accuracy": 0.8659999966621399,
    "f1_score": 0.8628081566206598,
    "training_epochs": 11,
    "val_accuracy": 0.8739166855812073,
    "learning_curve": {
      "accuracy": [
        0.7941666841506958,
        0.8471249938011169,
        0.8606666922569275,
        0.8676666617393494,
        0.8730208277702332,
        0.8789166808128357,
        0.883145809173584,
        0.8865833282470703,
        0.8891249895095825,
        0.8922083377838135,
        0.8939999938011169
      ],
      "loss": [
        0.599646270275116,
        0.4347081780433655,
        0.3980361223220825,
        0.374857634305954,
        0.3554840087890625,
        0.3413756489753723,
        0.3281678557395935,
        0.31795409321784973,
        0.30930283665657043,
        0.2995032072067261,
        0.29350361227989197
      ],
      "val_accuracy": [
        0.8338333368301392,
        0.8479166626930237,
        0.8627499938011169,
        0.8604166507720947,
        0.8662499785423279,
        0.8687499761581421,
        0.8703333139419556,
        0.8705833554267883,
        0.8733333349227905,
        0.8739166855812073,
        0.871833324432373
      ],
      "val_loss": [
        0.4687255322933197,
        0.432330846786499,
        0.39286312460899353,
        0.39330175518989563,
        0.37369853258132935,
        0.3669015169143677,
        0.3674749433994293,
        0.3661862313747406,
        0.34898579120635986,
        0.35416388511657715,
        0.352571576833725
      ]
    }
  },
  "Adam (Best)": {
    "accuracy": 0.8765000104904175,
    "f1_score": 0.8772516520070885,
    "training_epochs": 12,
    "val_accuracy": 0.8834166526794434,
    "learning_curve": {
      "accuracy": [
        0.8062083125114441,
        0.8542291522026062,
        0.8683541417121887,
        0.8738333582878113,
        0.8806250095367432,
        0.8862083554267883,
        0.8898125290870667,
        0.8928750157356262,
        0.8966458439826965,
        0.8991875052452087,
        0.9023958444595337,
        0.9060208201408386
      ],
      "loss": [
        0.5638651251792908,
        0.41564998030662537,
        0.37398457527160645,
        0.3512614369392395,
        0.33048421144485474,
        0.3145397901535034,
        0.302303284406662,
        0.2920122742652893,
        0.2811819612979889,
        0.2746273875236511,
        0.2665310502052307,
        0.2568112909793854
      ],
      "val_accuracy": [
        0.8401666879653931,
        0.859000027179718,
        0.8654166460037231,
        0.8758333325386047,
        0.8660833239555359,
        0.8759999871253967,
        0.878166675567627,
        0.8804166913032532,
        0.8715000152587891,
        0.8811666369438171,
        0.8834166526794434,
        0.8828333616256714
      ],
      "val_loss": [
        0.45723751187324524,
        0.403545618057251,
        0.3908920884132385,
        0.3500249981880188,
        0.37459203600883484,
        0.3462788462638855,
        0.33839085698127747,
        0.33377137780189514,
        0.3562697768211365,
        0.32939743995666504,
        0.3301052451133728,
        0.3338146507740021
      ]
    }
  }
}